Category,Recall,Precision,Accuracy,False-Alarm,F1-Score,Accept Rate,Total Events
real_average,0.9999999998958334,0.4247787610431514,0.42731277531157214,0.5752212389126008,0.5962732877034066,0.4247787610431514,227
real_coding,0.9999999997916666,0.44859813079919647,0.44859813079919647,0.5514018691073457,0.6193548343542145,0.44859813079919647,107
real_writing,0.9999999997916666,0.40336134450391925,0.4083333332993056,0.5966386554120472,0.5748502952361146,0.40336134450391925,120
