Category,Recall,Precision,Accuracy,False-Alarm,F1-Score,Accept Rate,Total Events
real_average,0.9801980197049309,0.44999999997954543,0.45814977971549997,0.5499999999749999,0.6168224255552645,0.44999999997954543,227
real_coding,0.99999999975,0.3846153845784024,0.4018691588409468,0.6153846153254439,0.5555555514660494,0.3846153845784024,107
real_writing,0.9672131145955388,0.5086206896113258,0.5083333332909723,0.49137931030246734,0.6666666620741166,0.5086206896113258,120
