Category,Recall,Precision,Accuracy,False-Alarm,F1-Score,Accept Rate,Total Events
real_average,0.99999999990991,0.4977578475113113,0.506607929493101,0.5022421524438456,0.664670654205063,0.4977578475113113,227
real_coding,0.9999999998113207,0.5047619047138322,0.514018691540746,0.49523809519092976,0.6708860714060247,0.5047619047138322,107
real_writing,0.9999999998275861,0.4915254236871589,0.4999999999583334,0.5084745762280954,0.6590909045971075,0.4915254236871589,120
