Category,Recall,Precision,Accuracy,False-Alarm,F1-Score,Accept Rate,Total Events
real_average,0.9599999999040001,0.45497630329597266,0.47577092508917307,0.545023696656634,0.6173633396486803,0.45497630329597266,227
real_coding,0.939999999812,0.469999999953,0.4766355139741462,0.529999999947,0.6266666621386666,0.469999999953,107
real_writing,0.979999999804,0.44144144140167196,0.4749999999604167,0.558558558508238,0.6086956478160566,0.44144144140167196,120
