Category,Recall,Precision,Accuracy,False-Alarm,F1-Score,Accept Rate,Total Events
real_average,0.6320754716384834,0.4999999999626865,0.5330396475536106,0.4999999999626865,0.5583333283548612,0.4999999999626865,227
real_coding,0.7777777775617284,0.36842105258310254,0.4766355139741462,0.6315789472853186,0.49999999554846947,0.36842105258310254,107
real_writing,0.5571428570632654,0.6724137929875148,0.5833333332847223,0.32758620684007134,0.6093749949487305,0.6724137929875148,120
