Category,Recall,Precision,Accuracy,False-Alarm,F1-Score,Accept Rate,Total Events
real_average,0.9662921347228886,0.4195121951014872,0.4625550660589183,0.5804878048497323,0.5850340093440234,0.4195121951014872,227
real_coding,0.9696969694031221,0.33333333329861115,0.3925233644492969,0.6666666665972223,0.4961240271233701,0.33333333329861115,107
real_writing,0.9642857141135204,0.4954128439912466,0.52499999995625,0.5045871559170104,0.6545454499820019,0.4954128439912466,120
