Category,Recall,Precision,Accuracy,False-Alarm,F1-Score,Accept Rate,Total Events
real_average,0.8791208790242725,0.42553191487098235,0.47577092508917307,0.5744680850758261,0.5734766980722242,0.42553191487098235,227
real_coding,0.9090909088842976,0.43478260864839324,0.4766355139741462,0.5652173912429111,0.5882352896539793,0.43478260864839324,107
real_writing,0.8510638296061566,0.4166666666232639,0.4749999999604167,0.5833333332725695,0.5594405549493864,0.4166666666232639,120
