Category,Recall,Precision,Accuracy,False-Alarm,F1-Score,Accept Rate,Total Events
real_average,0.9782608694588848,0.40540540538714387,0.40969162993789904,0.594594594567811,0.5732484034638322,0.40540540538714387,227
real_coding,0.9459459456902849,0.3431372548683199,0.3551401868826972,0.656862745033641,0.5035971183230682,0.3431372548683199,107
real_writing,0.9999999998181818,0.4583333332951389,0.4583333332951389,0.5416666666215278,0.6285714241893879,0.4583333332951389,120
