Category,Recall,Precision,Accuracy,False-Alarm,F1-Score,Accept Rate,Total Events
real_average,0.999999999871795,0.3466666666512592,0.35242290747346156,0.6533333333042963,0.5148514812913767,0.3466666666512592,227
real_coding,0.9999999997368421,0.358490566003916,0.3644859812743471,0.6415094339017444,0.5277777738194445,0.358490566003916,107
real_writing,0.99999999975,0.336134453753266,0.34166666663819445,0.6638655461627004,0.5031446502590879,0.336134453753266,120
