Category,Recall,Precision,Accuracy,False-Alarm,F1-Score,Accept Rate,Total Events
real_average,0.9999999999107143,0.4955752212170099,0.4977973568062644,0.5044247787387423,0.6627218890206926,0.4955752212170099,227
real_coding,0.9999999997826087,0.4299065420158966,0.4299065420158966,0.5700934578906455,0.6013071852586612,0.4299065420158966,107
real_writing,0.999999999848485,0.554621848692889,0.5583333332868056,0.4453781512230775,0.7135135088467496,0.554621848692889,120
