Category,Recall,Precision,Accuracy,False-Alarm,F1-Score,Accept Rate,Total Events
real_average,0.7093023254989184,0.37195121948951515,0.43612334799840863,0.6280487804495092,0.48799999544768,0.37195121948951515,227
real_coding,0.7441860463385613,0.4050632910879667,0.45794392519084637,0.5949367087854511,0.5245901592837948,0.4050632910879667,107
real_writing,0.6744186044943212,0.3411764705480969,0.41666666663194446,0.6588235293342561,0.4531249954675294,0.3411764705480969,120
