Category,Recall,Precision,Accuracy,False-Alarm,F1-Score,Accept Rate,Total Events
real_average,0.9876543208657218,0.35714285712691324,0.36123348016029805,0.6428571428284439,0.5245901599991399,0.35714285712691324,227
real_coding,0.97499999975625,0.367924528267177,0.3644859812743471,0.6320754716384834,0.534246571291049,0.367924528267177,107
real_writing,0.9999999997560975,0.34745762708919853,0.3583333333034722,0.6525423728260558,0.5157232665480006,0.34745762708919853,120
