Category,Recall,Precision,Accuracy,False-Alarm,F1-Score,Accept Rate,Total Events
real_average,0.8356164382416964,0.3112244897800396,0.35242290747346156,0.68877551016894,0.45353159452467495,0.3112244897800396,227
real_coding,0.8947368418698061,0.36956521735113423,0.42056074762424667,0.6304347825401702,0.5230769188591716,0.36956521735113423,107
real_writing,0.7714285712081632,0.2596153845904216,0.2916666666423611,0.7403846153134246,0.38848920480927496,0.2596153845904216,120
