Category,Recall,Precision,Accuracy,False-Alarm,F1-Score,Accept Rate,Total Events
real_average,0.6739130434050095,0.38993710689371464,0.44052863434182693,0.6100628930433922,0.49402389969936994,0.38993710689371464,227
real_coding,0.6956521737618148,0.4210526315235457,0.45794392519084637,0.5789473683448754,0.524590159150766,0.4210526315235457,107
real_writing,0.6521739129017013,0.36144578308898245,0.4249999999645834,0.6385542167905357,0.46511627440898995,0.36144578308898245,120
