Category,Recall,Precision,Accuracy,False-Alarm,F1-Score,Accept Rate,Total Events
real_average,0.8636363635578513,0.586419753050221,0.638766519795649,0.41358024688805056,0.6985294068960858,0.586419753050221,227
real_coding,0.8627450978700499,0.5365853657882214,0.5794392522822954,0.4634146340898275,0.6616541305104868,0.5365853657882214,107
real_writing,0.8644067795145073,0.6374999999203126,0.6916666666090279,0.3624999999546875,0.733812944648828,0.6374999999203126,120
