Category,Recall,Precision,Accuracy,False-Alarm,F1-Score,Accept Rate,Total Events
real_average,0.9999999998989899,0.43612334799840863,0.43612334799840863,0.5638766519575384,0.6073619589237458,0.43612334799840863,227
real_coding,0.9999999997826087,0.4299065420158966,0.4299065420158966,0.5700934578906455,0.6013071852586612,0.4299065420158966,107
real_writing,0.9999999998113207,0.44166666662986115,0.44166666662986115,0.5583333332868056,0.6127167586848876,0.44166666662986115,120
